{
  "name": "flib",
  "version": "0.11.2",
  "title": "Factorio Library",
  "author": "raiguard, Optera, justarandomgeek, Nexela",
  "contact": "https://github.com/factoriolib/flib",
  "homepage": "https://github.com/factoriolib/flib",
  "description": "A set of high-quality, commonly-used utilities for creating Factorio mods.",
  "factorio_version": "1.1",
  "dependencies": ["? base >= 1.1.35"],
  "package": {
        "ignore": [
            "*.code-workspace",
            ".gitattributes",
            ".gitignore",
            ".kakrc",
            ".mailmap",
            "stylua.toml",
            "tests",
            ".vscode"
        ]
    }
}
